CREATE EXTENSION IF NOT EXISTS postgis;
CREATE TABLE IF NOT EXISTS "__EFMigrationsHistory"
(
    "MigrationId"    character varying(150) NOT NULL,
    "ProductVersion" character varying(32)  NOT NULL,
    CONSTRAINT "PK___EFMigrationsHistory" PRIMARY KEY ("MigrationId")
);

START TRANSACTION;
CREATE EXTENSION IF NOT EXISTS postgis;

CREATE TABLE "AspNetRoles"
(
    "Id"               uuid NOT NULL,
    "Name"             character varying(256),
    "NormalizedName"   character varying(256),
    "ConcurrencyStamp" text,
    CONSTRAINT "PK_AspNetRoles" PRIMARY KEY ("Id")
);

CREATE TABLE "AspNetUsers"
(
    "Id"                   uuid                     NOT NULL,
    "FullName"             text,
    "Status"               integer                  NOT NULL,
    "CreatedAt"            timestamp with time zone NOT NULL,
    "UpdatedAt"            timestamp with time zone,
    "PhoneNumber"          text,
    "OtpCode"              text,
    "OtpExpiredAt"         timestamp with time zone,
    "BuyerType"            integer,
    "UserName"             character varying(256),
    "NormalizedUserName"   character varying(256),
    "Email"                character varying(256),
    "NormalizedEmail"      character varying(256),
    "EmailConfirmed"       boolean                  NOT NULL,
    "PasswordHash"         text,
    "SecurityStamp"        text,
    "ConcurrencyStamp"     text,
    "PhoneNumberConfirmed" boolean                  NOT NULL,
    "TwoFactorEnabled"     boolean                  NOT NULL,
    "LockoutEnd"           timestamp with time zone,
    "LockoutEnabled"       boolean                  NOT NULL,
    "AccessFailedCount"    integer                  NOT NULL,
    CONSTRAINT "PK_AspNetUsers" PRIMARY KEY ("Id")
);

CREATE TABLE "PaymentPackages"
(
    "PackageId"        uuid           NOT NULL,
    "Name"             text           NOT NULL,
    "Description"      text,
    "Price"            numeric(18, 2) NOT NULL,
    "ConnectionAmount" integer,
    "IsActive"         boolean        NOT NULL,
    "PackageType"      integer        NOT NULL,
    CONSTRAINT "PK_PaymentPackages" PRIMARY KEY ("PackageId")
);

CREATE TABLE "Ranks"
(
    "RankId"        integer GENERATED BY DEFAULT AS IDENTITY,
    "Name"          character varying(50) NOT NULL,
    "MinPoints"     integer               NOT NULL,
    "BadgeImageUrl" text,
    CONSTRAINT "PK_Ranks" PRIMARY KEY ("RankId")
);

CREATE TABLE "RewardItems"
(
    "RewardItemId" integer GENERATED BY DEFAULT AS IDENTITY,
    "ItemName"     character varying(150) NOT NULL,
    "Description"  text,
    "PointsCost"   integer                NOT NULL,
    CONSTRAINT "RewardItems_pkey" PRIMARY KEY ("RewardItemId")
);

CREATE TABLE "ScrapCategories"
(
    "ScrapCategoryId" integer GENERATED BY DEFAULT AS IDENTITY,
    "CategoryName"    character varying(100) NOT NULL,
    "Description"     text,
    CONSTRAINT "ScrapCategories_pkey" PRIMARY KEY ("ScrapCategoryId")
);

CREATE TABLE "AspNetRoleClaims"
(
    "Id"         integer GENERATED BY DEFAULT AS IDENTITY,
    "RoleId"     uuid NOT NULL,
    "ClaimType"  text,
    "ClaimValue" text,
    CONSTRAINT "PK_AspNetRoleClaims" PRIMARY KEY ("Id"),
    CONSTRAINT "FK_AspNetRoleClaims_AspNetRoles_RoleId" FOREIGN KEY ("RoleId") REFERENCES "AspNetRoles" ("Id") ON DELETE CASCADE
);

CREATE TABLE "AspNetUserClaims"
(
    "Id"         integer GENERATED BY DEFAULT AS IDENTITY,
    "UserId"     uuid NOT NULL,
    "ClaimType"  text,
    "ClaimValue" text,
    CONSTRAINT "PK_AspNetUserClaims" PRIMARY KEY ("Id"),
    CONSTRAINT "FK_AspNetUserClaims_AspNetUsers_UserId" FOREIGN KEY ("UserId") REFERENCES "AspNetUsers" ("Id") ON DELETE CASCADE
);

CREATE TABLE "AspNetUserLogins"
(
    "LoginProvider"       text NOT NULL,
    "ProviderKey"         text NOT NULL,
    "ProviderDisplayName" text,
    "UserId"              uuid NOT NULL,
    CONSTRAINT "PK_AspNetUserLogins" PRIMARY KEY ("LoginProvider", "ProviderKey"),
    CONSTRAINT "FK_AspNetUserLogins_AspNetUsers_UserId" FOREIGN KEY ("UserId") REFERENCES "AspNetUsers" ("Id") ON DELETE CASCADE
);

CREATE TABLE "AspNetUserRoles"
(
    "UserId" uuid NOT NULL,
    "RoleId" uuid NOT NULL,
    CONSTRAINT "PK_AspNetUserRoles" PRIMARY KEY ("UserId", "RoleId"),
    CONSTRAINT "FK_AspNetUserRoles_AspNetRoles_RoleId" FOREIGN KEY ("RoleId") REFERENCES "AspNetRoles" ("Id") ON DELETE CASCADE,
    CONSTRAINT "FK_AspNetUserRoles_AspNetUsers_UserId" FOREIGN KEY ("UserId") REFERENCES "AspNetUsers" ("Id") ON DELETE CASCADE
);

CREATE TABLE "AspNetUserTokens"
(
    "UserId"        uuid NOT NULL,
    "LoginProvider" text NOT NULL,
    "Name"          text NOT NULL,
    "Value"         text,
    CONSTRAINT "PK_AspNetUserTokens" PRIMARY KEY ("UserId", "LoginProvider", "Name"),
    CONSTRAINT "FK_AspNetUserTokens_AspNetUsers_UserId" FOREIGN KEY ("UserId") REFERENCES "AspNetUsers" ("Id") ON DELETE CASCADE
);

CREATE TABLE "CollectorVerificationInfos"
(
    "UserId"           uuid NOT NULL,
    "Status"           text NOT NULL,
    "DocumentFrontUrl" text,
    "DocumentBackUrl"  text,
    "SubmittedAt"      timestamp with time zone,
    "ReviewerId"       uuid,
    "ReviewedAt"       timestamp with time zone,
    "ReviewerNotes"    text,
    CONSTRAINT "CollectorVerificationInfos_pkey" PRIMARY KEY ("UserId"),
    CONSTRAINT "CollectorVerificationInfos_UserId_fkey" FOREIGN KEY ("UserId") REFERENCES "AspNetUsers" ("Id") ON DELETE CASCADE,
    CONSTRAINT "FK_CollectorVerificationInfos_AspNetUsers_ReviewerId" FOREIGN KEY ("ReviewerId") REFERENCES "AspNetUsers" ("Id") ON DELETE SET NULL
);

CREATE TABLE "Notifications"
(
    "NotificationId" uuid                     NOT NULL,
    "RecipientId"    uuid                     NOT NULL,
    "Content"        text                     NOT NULL,
    "IsRead"         boolean                  NOT NULL DEFAULT FALSE,
    "CreatedAt"      timestamp with time zone NOT NULL DEFAULT (now()),
    "EntityType"     character varying(50),
    "EntityId"       uuid,
    CONSTRAINT "Notifications_pkey" PRIMARY KEY ("NotificationId"),
    CONSTRAINT "Notifications_RecipientId_fkey" FOREIGN KEY ("RecipientId") REFERENCES "AspNetUsers" ("Id") ON DELETE CASCADE
);

CREATE TABLE "PointHistories"
(
    "PointHistoryId" uuid                     NOT NULL,
    "UserId"         uuid                     NOT NULL,
    "PointChange"    integer                  NOT NULL,
    "Reason"         character varying(255)   NOT NULL,
    "CreatedAt"      timestamp with time zone NOT NULL,
    CONSTRAINT "PK_PointHistories" PRIMARY KEY ("PointHistoryId"),
    CONSTRAINT "FK_PointHistories_AspNetUsers_UserId" FOREIGN KEY ("UserId") REFERENCES "AspNetUsers" ("Id") ON DELETE CASCADE
);

CREATE TABLE "ScrapPosts"
(
    "ScrapPostId"        uuid                     NOT NULL,
    "HouseholdId"        uuid                     NOT NULL,
    "Title"              character varying(200)   NOT NULL,
    "Description"        text,
    "Address"            character varying(255)   NOT NULL,
    "AvailableTimeRange" character varying(100),
    "Status"             integer                  NOT NULL,
    "CreatedAt"          timestamp with time zone NOT NULL DEFAULT (now()),
    "UpdatedAt"          timestamp with time zone,
    "Location"           geometry(Point, 4326),
    "MustTakeAll"        boolean                  NOT NULL,
    CONSTRAINT "ScrapPosts_pkey" PRIMARY KEY ("ScrapPostId"),
    CONSTRAINT "ScrapPosts_HouseholdId_fkey" FOREIGN KEY ("HouseholdId") REFERENCES "AspNetUsers" ("Id") ON DELETE CASCADE
);

CREATE TABLE "PaymentTransactions"
(
    "PaymentId"       uuid                     NOT NULL,
    "UserId"          uuid                     NOT NULL,
    "PackageId"       uuid,
    "Amount"          numeric(18, 2)           NOT NULL,
    "PaymentGateway"  text                     NOT NULL,
    "TransactionCode" text,
    "Status"          integer                  NOT NULL,
    "CreatedAt"       timestamp with time zone NOT NULL,
    CONSTRAINT "PK_PaymentTransactions" PRIMARY KEY ("PaymentId"),
    CONSTRAINT "FK_PaymentTransactions_AspNetUsers_UserId" FOREIGN KEY ("UserId") REFERENCES "AspNetUsers" ("Id") ON DELETE CASCADE,
    CONSTRAINT "FK_PaymentTransactions_PaymentPackages_PackageId" FOREIGN KEY ("PackageId") REFERENCES "PaymentPackages" ("PackageId")
);

CREATE TABLE "UserPackages"
(
    "UserPackageId"        uuid                     NOT NULL,
    "UserId"               uuid                     NOT NULL,
    "PackageId"            uuid                     NOT NULL,
    "ActivationDate"       timestamp with time zone NOT NULL,
    "ExpirationDate"       timestamp with time zone,
    "RemainingConnections" integer,
    CONSTRAINT "PK_UserPackages" PRIMARY KEY ("UserPackageId"),
    CONSTRAINT "FK_UserPackages_AspNetUsers_UserId" FOREIGN KEY ("UserId") REFERENCES "AspNetUsers" ("Id") ON DELETE CASCADE,
    CONSTRAINT "FK_UserPackages_PaymentPackages_PackageId" FOREIGN KEY ("PackageId") REFERENCES "PaymentPackages" ("PackageId") ON DELETE CASCADE
);

CREATE TABLE "Profiles"
(
    "ProfileId"    uuid    NOT NULL,
    "UserId"       uuid    NOT NULL,
    "DateOfBirth"  date,
    "Address"      character varying(255),
    "Gender"       text,
    "AvatarUrl"    text,
    "PointBalance" integer NOT NULL DEFAULT 200,
    "RankId"       integer NOT NULL,
    "Location"     geometry(Point, 4326),
    CONSTRAINT "Profiles_pkey" PRIMARY KEY ("ProfileId"),
    CONSTRAINT "FK_Profiles_Ranks_RankId" FOREIGN KEY ("RankId") REFERENCES "Ranks" ("RankId") ON DELETE RESTRICT,
    CONSTRAINT "Profiles_UserId_fkey" FOREIGN KEY ("UserId") REFERENCES "AspNetUsers" ("Id") ON DELETE CASCADE
);

CREATE TABLE "UserRewardRedemptions"
(
    "UserId"         uuid                     NOT NULL,
    "RewardItemId"   integer                  NOT NULL,
    "RedemptionDate" timestamp with time zone NOT NULL DEFAULT (now()),
    CONSTRAINT "UserRewardRedemptions_pkey" PRIMARY KEY ("UserId", "RewardItemId", "RedemptionDate"),
    CONSTRAINT "UserRewardRedemptions_RewardItemId_fkey" FOREIGN KEY ("RewardItemId") REFERENCES "RewardItems" ("RewardItemId") ON DELETE CASCADE,
    CONSTRAINT "UserRewardRedemptions_UserId_fkey" FOREIGN KEY ("UserId") REFERENCES "AspNetUsers" ("Id") ON DELETE CASCADE
);

CREATE TABLE "ReferencePrices"
(
    "ReferencePriceId" uuid                     NOT NULL,
    "ScrapCategoryId"  integer                  NOT NULL,
    "PricePerKg"       numeric(18, 2)           NOT NULL,
    "LastUpdated"      timestamp with time zone NOT NULL,
    "UpdatedByAdminId" uuid                     NOT NULL,
    CONSTRAINT "PK_ReferencePrices" PRIMARY KEY ("ReferencePriceId"),
    CONSTRAINT "FK_ReferencePrices_AspNetUsers_UpdatedByAdminId" FOREIGN KEY ("UpdatedByAdminId") REFERENCES "AspNetUsers" ("Id") ON DELETE RESTRICT,
    CONSTRAINT "FK_ReferencePrices_ScrapCategories_ScrapCategoryId" FOREIGN KEY ("ScrapCategoryId") REFERENCES "ScrapCategories" ("ScrapCategoryId") ON DELETE CASCADE
);

CREATE TABLE "CollectionOffers"
(
    "CollectionOfferId" uuid                     NOT NULL,
    "ScrapPostId"       uuid                     NOT NULL,
    "ScrapCollectorId"  uuid                     NOT NULL,
    "Status"            integer                  NOT NULL,
    "CreatedAt"         timestamp with time zone NOT NULL DEFAULT (now()),
    CONSTRAINT "CollectionOffers_pkey" PRIMARY KEY ("CollectionOfferId"),
    CONSTRAINT "CollectionOffers_ScrapCollectorId_fkey" FOREIGN KEY ("ScrapCollectorId") REFERENCES "AspNetUsers" ("Id") ON DELETE CASCADE,
    CONSTRAINT "CollectionOffers_ScrapPostId_fkey" FOREIGN KEY ("ScrapPostId") REFERENCES "ScrapPosts" ("ScrapPostId") ON DELETE CASCADE
);

CREATE TABLE "ScrapPostDetails"
(
    "ScrapPostId"       uuid    NOT NULL,
    "ScrapCategoryId"   integer NOT NULL,
    "AmountDescription" character varying(100),
    "ImageUrl"          text,
    "Status"            text    NOT NULL,
    CONSTRAINT "ScrapPostDetails_pkey" PRIMARY KEY ("ScrapPostId", "ScrapCategoryId"),
    CONSTRAINT "ScrapPostDetails_ScrapCategoryId_fkey" FOREIGN KEY ("ScrapCategoryId") REFERENCES "ScrapCategories" ("ScrapCategoryId") ON DELETE CASCADE,
    CONSTRAINT "ScrapPostDetails_ScrapPostId_fkey" FOREIGN KEY ("ScrapPostId") REFERENCES "ScrapPosts" ("ScrapPostId") ON DELETE CASCADE
);

CREATE TABLE "OfferDetail"
(
    "OfferDetailId"     uuid                  NOT NULL,
    "CollectionOfferId" uuid                  NOT NULL,
    "ScrapCategoryId"   integer               NOT NULL,
    "PricePerUnit"      numeric(18, 2)        NOT NULL,
    "Unit"              character varying(10) NOT NULL DEFAULT 'kg',
    CONSTRAINT "PK_OfferDetail" PRIMARY KEY ("OfferDetailId"),
    CONSTRAINT "FK_OfferDetail_CollectionOffers_CollectionOfferId" FOREIGN KEY ("CollectionOfferId") REFERENCES "CollectionOffers" ("CollectionOfferId") ON DELETE CASCADE,
    CONSTRAINT "FK_OfferDetail_ScrapCategories_ScrapCategoryId" FOREIGN KEY ("ScrapCategoryId") REFERENCES "ScrapCategories" ("ScrapCategoryId") ON DELETE RESTRICT
);

CREATE TABLE "ScheduleProposals"
(
    "ScheduleProposalId" uuid                     NOT NULL,
    "CollectionOfferId"  uuid                     NOT NULL,
    "ProposerId"         uuid                     NOT NULL,
    "ProposedTime"       timestamp with time zone NOT NULL,
    "Status"             text                     NOT NULL,
    "CreatedAt"          timestamp with time zone NOT NULL DEFAULT (now()),
    "ResponseMessage"    text,
    CONSTRAINT "ScheduleProposals_pkey" PRIMARY KEY ("ScheduleProposalId"),
    CONSTRAINT "FK_ScheduleProposals_CollectionOffers_CollectionOfferId" FOREIGN KEY ("CollectionOfferId") REFERENCES "CollectionOffers" ("CollectionOfferId") ON DELETE CASCADE,
    CONSTRAINT "ScheduleProposals_ProposerId_fkey" FOREIGN KEY ("ProposerId") REFERENCES "AspNetUsers" ("Id") ON DELETE CASCADE
);

CREATE TABLE "Transactions"
(
    "TransactionId"    uuid                     NOT NULL,
    "HouseholdId"      uuid                     NOT NULL,
    "ScrapCollectorId" uuid                     NOT NULL,
    "OfferId"          uuid                     NOT NULL,
    "Status"           text                     NOT NULL,
    "ScheduledTime"    timestamp with time zone,
    "CheckInTime"      timestamp with time zone,
    "CheckInLocation"  geometry(Point, 4326),
    "CreatedAt"        timestamp with time zone NOT NULL DEFAULT (now()),
    "UpdatedAt"        timestamp with time zone,
    CONSTRAINT "Transactions_pkey" PRIMARY KEY ("TransactionId"),
    CONSTRAINT "Transactions_HouseholdId_fkey" FOREIGN KEY ("HouseholdId") REFERENCES "AspNetUsers" ("Id") ON DELETE RESTRICT,
    CONSTRAINT "Transactions_OfferId_fkey" FOREIGN KEY ("OfferId") REFERENCES "CollectionOffers" ("CollectionOfferId") ON DELETE RESTRICT,
    CONSTRAINT "Transactions_ScrapCollectorId_fkey" FOREIGN KEY ("ScrapCollectorId") REFERENCES "AspNetUsers" ("Id") ON DELETE RESTRICT
);

CREATE TABLE "ChatRooms"
(
    "ChatRoomId"    uuid                     NOT NULL,
    "TransactionId" uuid                     NOT NULL,
    "CreatedAt"     timestamp with time zone NOT NULL DEFAULT (now()),
    CONSTRAINT "ChatRooms_pkey" PRIMARY KEY ("ChatRoomId"),
    CONSTRAINT "ChatRooms_TransactionId_fkey" FOREIGN KEY ("TransactionId") REFERENCES "Transactions" ("TransactionId") ON DELETE CASCADE
);

CREATE TABLE "Complaints"
(
    "ComplaintId"   uuid                     NOT NULL,
    "TransactionId" uuid                     NOT NULL,
    "ComplainantId" uuid                     NOT NULL,
    "AccusedId"     uuid                     NOT NULL,
    "Reason"        text                     NOT NULL,
    "EvidenceUrl"   text,
    "Status"        text                     NOT NULL,
    "CreatedAt"     timestamp with time zone NOT NULL DEFAULT (now()),
    CONSTRAINT "Complaints_pkey" PRIMARY KEY ("ComplaintId"),
    CONSTRAINT "Complaints_AccusedId_fkey" FOREIGN KEY ("AccusedId") REFERENCES "AspNetUsers" ("Id") ON DELETE RESTRICT,
    CONSTRAINT "Complaints_ComplainantId_fkey" FOREIGN KEY ("ComplainantId") REFERENCES "AspNetUsers" ("Id") ON DELETE RESTRICT,
    CONSTRAINT "Complaints_TransactionId_fkey" FOREIGN KEY ("TransactionId") REFERENCES "Transactions" ("TransactionId") ON DELETE CASCADE
);

CREATE TABLE "Feedbacks"
(
    "FeedbackId"    uuid                     NOT NULL,
    "TransactionId" uuid                     NOT NULL,
    "ReviewerId"    uuid                     NOT NULL,
    "RevieweeId"    uuid                     NOT NULL,
    "Rate"          integer                  NOT NULL,
    "Comment"       text,
    "CreatedAt"     timestamp with time zone NOT NULL DEFAULT (now()),
    CONSTRAINT "Feedbacks_pkey" PRIMARY KEY ("FeedbackId"),
    CONSTRAINT "Feedbacks_RevieweeId_fkey" FOREIGN KEY ("RevieweeId") REFERENCES "AspNetUsers" ("Id") ON DELETE RESTRICT,
    CONSTRAINT "Feedbacks_ReviewerId_fkey" FOREIGN KEY ("ReviewerId") REFERENCES "AspNetUsers" ("Id") ON DELETE RESTRICT,
    CONSTRAINT "Feedbacks_TransactionId_fkey" FOREIGN KEY ("TransactionId") REFERENCES "Transactions" ("TransactionId") ON DELETE CASCADE
);

CREATE TABLE "TransactionDetails"
(
    "TransactionId"   uuid                  NOT NULL,
    "ScrapCategoryId" integer               NOT NULL,
    "PricePerUnit"    numeric(18, 2)        NOT NULL,
    "Unit"            character varying(10) NOT NULL DEFAULT 'kg',
    "Quantity"        real                  NOT NULL,
    "FinalPrice"      numeric(18, 2)        NOT NULL,
    CONSTRAINT "TransactionDetails_pkey" PRIMARY KEY ("TransactionId", "ScrapCategoryId"),
    CONSTRAINT "TransactionDetails_ScrapCategoryId_fkey" FOREIGN KEY ("ScrapCategoryId") REFERENCES "ScrapCategories" ("ScrapCategoryId") ON DELETE RESTRICT,
    CONSTRAINT "TransactionDetails_TransactionId_fkey" FOREIGN KEY ("TransactionId") REFERENCES "Transactions" ("TransactionId") ON DELETE CASCADE
);

CREATE TABLE "ChatParticipants"
(
    "UserId"     uuid                     NOT NULL,
    "ChatRoomId" uuid                     NOT NULL,
    "JoinedAt"   timestamp with time zone NOT NULL DEFAULT (now()),
    CONSTRAINT "ChatParticipants_pkey" PRIMARY KEY ("UserId", "ChatRoomId"),
    CONSTRAINT "ChatParticipants_ChatRoomId_fkey" FOREIGN KEY ("ChatRoomId") REFERENCES "ChatRooms" ("ChatRoomId") ON DELETE CASCADE,
    CONSTRAINT "ChatParticipants_UserId_fkey" FOREIGN KEY ("UserId") REFERENCES "AspNetUsers" ("Id") ON DELETE CASCADE
);

CREATE TABLE "Messages"
(
    "MessageId"  uuid                     NOT NULL,
    "ChatRoomId" uuid                     NOT NULL,
    "SenderId"   uuid                     NOT NULL,
    "Content"    text                     NOT NULL,
    "IsRead"     boolean                  NOT NULL,
    "Timestamp"  timestamp with time zone NOT NULL DEFAULT (now()),
    CONSTRAINT "Messages_pkey" PRIMARY KEY ("MessageId"),
    CONSTRAINT "Messages_ChatRoomId_fkey" FOREIGN KEY ("ChatRoomId") REFERENCES "ChatRooms" ("ChatRoomId") ON DELETE CASCADE,
    CONSTRAINT "Messages_SenderId_fkey" FOREIGN KEY ("SenderId") REFERENCES "AspNetUsers" ("Id") ON DELETE CASCADE
);

CREATE INDEX "IX_AspNetRoleClaims_RoleId" ON "AspNetRoleClaims" ("RoleId");

CREATE UNIQUE INDEX "RoleNameIndex" ON "AspNetRoles" ("NormalizedName");

CREATE INDEX "IX_AspNetUserClaims_UserId" ON "AspNetUserClaims" ("UserId");

CREATE INDEX "IX_AspNetUserLogins_UserId" ON "AspNetUserLogins" ("UserId");

CREATE INDEX "IX_AspNetUserRoles_RoleId" ON "AspNetUserRoles" ("RoleId");

CREATE INDEX "EmailIndex" ON "AspNetUsers" ("NormalizedEmail");

CREATE UNIQUE INDEX "UserNameIndex" ON "AspNetUsers" ("NormalizedUserName");

CREATE INDEX "IX_ChatParticipants_ChatRoomId" ON "ChatParticipants" ("ChatRoomId");

CREATE UNIQUE INDEX "ChatRooms_TransactionId_key" ON "ChatRooms" ("TransactionId");

CREATE INDEX "IX_CollectionOffers_ScrapCollectorId" ON "CollectionOffers" ("ScrapCollectorId");

CREATE INDEX "IX_CollectionOffers_ScrapPostId" ON "CollectionOffers" ("ScrapPostId");

CREATE INDEX "IX_CollectorVerificationInfos_ReviewerId" ON "CollectorVerificationInfos" ("ReviewerId");

CREATE INDEX "IX_Complaints_AccusedId" ON "Complaints" ("AccusedId");

CREATE INDEX "IX_Complaints_ComplainantId" ON "Complaints" ("ComplainantId");

CREATE INDEX "IX_Complaints_TransactionId" ON "Complaints" ("TransactionId");

CREATE INDEX "IX_Feedbacks_RevieweeId" ON "Feedbacks" ("RevieweeId");

CREATE INDEX "IX_Feedbacks_ReviewerId" ON "Feedbacks" ("ReviewerId");

CREATE INDEX "IX_Feedbacks_TransactionId" ON "Feedbacks" ("TransactionId");

CREATE INDEX "IX_Messages_ChatRoomId_Timestamp" ON "Messages" ("ChatRoomId", "Timestamp" DESC);

CREATE INDEX "IX_Messages_SenderId" ON "Messages" ("SenderId");

CREATE INDEX "IX_Notifications_RecipientId_CreatedAt" ON "Notifications" ("RecipientId", "CreatedAt" DESC);

CREATE INDEX "IX_OfferDetail_CollectionOfferId" ON "OfferDetail" ("CollectionOfferId");

CREATE INDEX "IX_OfferDetail_ScrapCategoryId" ON "OfferDetail" ("ScrapCategoryId");

CREATE INDEX "IX_PaymentTransactions_PackageId" ON "PaymentTransactions" ("PackageId");

CREATE INDEX "IX_PaymentTransactions_UserId" ON "PaymentTransactions" ("UserId");

CREATE INDEX "IX_PointHistories_UserId" ON "PointHistories" ("UserId");

CREATE INDEX "IX_Profiles_Location" ON "Profiles" USING gist ("Location");

CREATE INDEX "IX_Profiles_RankId" ON "Profiles" ("RankId");

CREATE UNIQUE INDEX "Profiles_UserId_key" ON "Profiles" ("UserId");

CREATE UNIQUE INDEX "IX_Ranks_MinPoints" ON "Ranks" ("MinPoints");

CREATE INDEX "IX_ReferencePrices_ScrapCategoryId" ON "ReferencePrices" ("ScrapCategoryId");

CREATE INDEX "IX_ReferencePrices_UpdatedByAdminId" ON "ReferencePrices" ("UpdatedByAdminId");

CREATE INDEX "IX_ScheduleProposals_CollectionOfferId" ON "ScheduleProposals" ("CollectionOfferId");

CREATE INDEX "IX_ScheduleProposals_ProposerId" ON "ScheduleProposals" ("ProposerId");

CREATE INDEX "IX_ScrapPostDetails_ScrapCategoryId" ON "ScrapPostDetails" ("ScrapCategoryId");

CREATE INDEX "IX_ScrapPosts_HouseholdId" ON "ScrapPosts" ("HouseholdId");

CREATE INDEX "IX_ScrapPosts_Location" ON "ScrapPosts" USING gist ("Location");

CREATE INDEX "IX_ScrapPosts_Status_HouseholdId" ON "ScrapPosts" ("Status", "HouseholdId");

CREATE INDEX "IX_TransactionDetails_ScrapCategoryId" ON "TransactionDetails" ("ScrapCategoryId");

CREATE INDEX "IX_Transactions_HouseholdId" ON "Transactions" ("HouseholdId");

CREATE INDEX "IX_Transactions_OfferId" ON "Transactions" ("OfferId");

CREATE INDEX "IX_Transactions_ScrapCollectorId" ON "Transactions" ("ScrapCollectorId");

CREATE INDEX "IX_Transactions_Status_HouseholdId" ON "Transactions" ("Status", "HouseholdId");

CREATE INDEX "IX_Transactions_Status_ScrapCollectorId" ON "Transactions" ("Status", "ScrapCollectorId");

CREATE INDEX "IX_UserPackages_PackageId" ON "UserPackages" ("PackageId");

CREATE INDEX "IX_UserPackages_UserId" ON "UserPackages" ("UserId");

CREATE INDEX "IX_UserRewardRedemptions_RewardItemId" ON "UserRewardRedemptions" ("RewardItemId");

INSERT INTO "__EFMigrationsHistory" ("MigrationId", "ProductVersion")
VALUES ('20251121195804_Initial_Database', '9.0.9');

INSERT INTO "AspNetRoles" ("Id", "ConcurrencyStamp", "Name", "NormalizedName")
VALUES ('8dd3637c-72a3-4a25-99d2-a7d1bce85542', NULL, 'Admin', 'ADMIN');
INSERT INTO "AspNetRoles" ("Id", "ConcurrencyStamp", "Name", "NormalizedName")
VALUES ('d7d0c75c-9c3f-4e6b-9b7a-8f8d9a6c9e84', NULL, 'IndividualCollector', 'INDIVIDUALCOLLECTOR');
INSERT INTO "AspNetRoles" ("Id", "ConcurrencyStamp", "Name", "NormalizedName")
VALUES ('e0a5a415-5a4e-4f6a-8b9a-1b2c3d4e5f6a', NULL, 'BusinessCollector', 'BUSINESSCOLLECTOR');
INSERT INTO "AspNetRoles" ("Id", "ConcurrencyStamp", "Name", "NormalizedName")
VALUES ('f9e7c1b5-9c8f-4b1a-8c7d-6e5f4a3b2a1c', NULL, 'Household', 'HOUSEHOLD');

INSERT INTO "AspNetUsers" ("Id", "AccessFailedCount", "BuyerType", "ConcurrencyStamp", "CreatedAt", "Email",
                           "EmailConfirmed", "FullName", "LockoutEnabled", "LockoutEnd", "NormalizedEmail",
                           "NormalizedUserName", "OtpCode", "OtpExpiredAt", "PasswordHash", "PhoneNumber",
                           "PhoneNumberConfirmed", "SecurityStamp", "Status", "TwoFactorEnabled", "UpdatedAt",
                           "UserName")
VALUES ('a1b2c3d4-e5f6-7788-9900-aabbccddeeff', 0, NULL, '52b88c4d-29ff-4466-8489-70129fa1551a',
        TIMESTAMPTZ '2025-10-10T10:00:00Z', 'admin@gmail.com', FALSE, 'Admin GreenConnect', FALSE, NULL,
        'ADMIN@GMAIL.COM', '0900000000', NULL, NULL,
        'AQAAAAIAAYagAAAAELSd8S1/ERD0+I4lEAStNTTw/VOGuVVH8vE3SL92wYldv4i4XV78koh+GJ3GpdR05A==', '0900000000', TRUE,
        NULL, 1, FALSE, NULL, '0900000000');
INSERT INTO "AspNetUsers" ("Id", "AccessFailedCount", "BuyerType", "ConcurrencyStamp", "CreatedAt", "Email",
                           "EmailConfirmed", "FullName", "LockoutEnabled", "LockoutEnd", "NormalizedEmail",
                           "NormalizedUserName", "OtpCode", "OtpExpiredAt", "PasswordHash", "PhoneNumber",
                           "PhoneNumberConfirmed", "SecurityStamp", "Status", "TwoFactorEnabled", "UpdatedAt",
                           "UserName")
VALUES ('b2c3d4e5-f6a1-8899-0011-bbccddeeff00', 0, 0, '192d8ce0-0135-4c72-a02d-2ec5749bdc9e',
        TIMESTAMPTZ '2025-10-10T10:00:00Z', 'collector@gmail.com', FALSE, 'Anh Ba Ve Chai', FALSE, NULL,
        'COLLECTOR@GMAIL.COM', '0911111111', NULL, NULL,
        'AQAAAAIAAYagAAAAELSd8S1/ERD0+I4lEAStNTTw/VOGuVVH8vE3SL92wYldv4i4XV78koh+GJ3GpdR05A==', '0911111111', TRUE,
        NULL, 0, FALSE, NULL, '0911111111');
INSERT INTO "AspNetUsers" ("Id", "AccessFailedCount", "BuyerType", "ConcurrencyStamp", "CreatedAt", "Email",
                           "EmailConfirmed", "FullName", "LockoutEnabled", "LockoutEnd", "NormalizedEmail",
                           "NormalizedUserName", "OtpCode", "OtpExpiredAt", "PasswordHash", "PhoneNumber",
                           "PhoneNumberConfirmed", "SecurityStamp", "Status", "TwoFactorEnabled", "UpdatedAt",
                           "UserName")
VALUES ('c3d4e5f6-a1b2-9900-1122-ccddeeff0011', 0, NULL, 'c9fae739-de7c-4f87-b7ef-7f97b8fb8bcd',
        TIMESTAMPTZ '2025-10-10T10:00:00Z', 'household@gmail.com', FALSE, 'Chị Tư Bán Ve Chai', FALSE, NULL,
        'HOUSEHOLD@GMAIL.COM', '0922222222', NULL, NULL,
        'AQAAAAIAAYagAAAAELSd8S1/ERD0+I4lEAStNTTw/VOGuVVH8vE3SL92wYldv4i4XV78koh+GJ3GpdR05A==', '0922222222', TRUE,
        NULL, 1, FALSE, NULL, '0922222222');
INSERT INTO "AspNetUsers" ("Id", "AccessFailedCount", "BuyerType", "ConcurrencyStamp", "CreatedAt", "Email",
                           "EmailConfirmed", "FullName", "LockoutEnabled", "LockoutEnd", "NormalizedEmail",
                           "NormalizedUserName", "OtpCode", "OtpExpiredAt", "PasswordHash", "PhoneNumber",
                           "PhoneNumberConfirmed", "SecurityStamp", "Status", "TwoFactorEnabled", "UpdatedAt",
                           "UserName")
VALUES ('e6a1b2c3-d4e5-f6a7-8899-0011bbccdeef', 0, 1, '4bb1ed8a-2549-4f6f-898f-5755842fdb8a',
        TIMESTAMPTZ '2025-10-10T10:00:00Z', 'scrapyard@gmail.com', FALSE, 'Vựa Ve Chai ABC', FALSE, NULL,
        'SCRAPYARD@GMAIL.COM', '0988888888', NULL, NULL,
        'AQAAAAIAAYagAAAAELSd8S1/ERD0+I4lEAStNTTw/VOGuVVH8vE3SL92wYldv4i4XV78koh+GJ3GpdR05A==', '0988888888', TRUE,
        NULL, 1, FALSE, NULL, '0988888888');

INSERT INTO "PaymentPackages" ("PackageId", "ConnectionAmount", "Description", "IsActive", "Name", "PackageType",
                               "Price")
VALUES ('f0000001-0000-0000-0000-000000000001', 5, 'Gói miễn phí cho người dùng mới trải nghiệm.', TRUE, 'Gói Dùng Thử',
        0, 0.0);
INSERT INTO "PaymentPackages" ("PackageId", "ConnectionAmount", "Description", "IsActive", "Name", "PackageType",
                               "Price")
VALUES ('f0000002-0000-0000-0000-000000000002', NULL, 'Kết nối không giới hạn trong 30 ngày.', TRUE,
        'Gói Chuyên Nghiệp (1 Tháng)', 1, 99000.0);

INSERT INTO "Ranks" ("RankId", "BadgeImageUrl", "MinPoints", "Name")
VALUES (1, '/images/badges/bronze.png', 0, 'Bronze');
INSERT INTO "Ranks" ("RankId", "BadgeImageUrl", "MinPoints", "Name")
VALUES (2, '/images/badges/silver.png', 5000, 'Silver');
INSERT INTO "Ranks" ("RankId", "BadgeImageUrl", "MinPoints", "Name")
VALUES (3, '/images/badges/gold.png', 20000, 'Gold');

INSERT INTO "RewardItems" ("RewardItemId", "Description", "ItemName", "PointsCost")
VALUES (1, NULL, 'Khung viền Avatar ''Chiến binh Tái chế''', 100);
INSERT INTO "RewardItems" ("RewardItemId", "Description", "ItemName", "PointsCost")
VALUES (2, NULL, 'Voucher Giảm giá 10% (fake)', 500);

INSERT INTO "ScrapCategories" ("ScrapCategoryId", "CategoryName", "Description")
VALUES (1, 'Giấy vụn', NULL);
INSERT INTO "ScrapCategories" ("ScrapCategoryId", "CategoryName", "Description")
VALUES (2, 'Thùng carton', NULL);
INSERT INTO "ScrapCategories" ("ScrapCategoryId", "CategoryName", "Description")
VALUES (3, 'Chai nhựa (PET)', NULL);
INSERT INTO "ScrapCategories" ("ScrapCategoryId", "CategoryName", "Description")
VALUES (4, 'Lon nhôm', NULL);
INSERT INTO "ScrapCategories" ("ScrapCategoryId", "CategoryName", "Description")
VALUES (5, 'Sắt vụn', NULL);
INSERT INTO "ScrapCategories" ("ScrapCategoryId", "CategoryName", "Description")
VALUES (6, 'Đồ điện tử cũ', NULL);

INSERT INTO "AspNetUserRoles" ("RoleId", "UserId")
VALUES ('8dd3637c-72a3-4a25-99d2-a7d1bce85542', 'a1b2c3d4-e5f6-7788-9900-aabbccddeeff');
INSERT INTO "AspNetUserRoles" ("RoleId", "UserId")
VALUES ('d7d0c75c-9c3f-4e6b-9b7a-8f8d9a6c9e84', 'b2c3d4e5-f6a1-8899-0011-bbccddeeff00');
INSERT INTO "AspNetUserRoles" ("RoleId", "UserId")
VALUES ('f9e7c1b5-9c8f-4b1a-8c7d-6e5f4a3b2a1c', 'c3d4e5f6-a1b2-9900-1122-ccddeeff0011');
INSERT INTO "AspNetUserRoles" ("RoleId", "UserId")
VALUES ('e0a5a415-5a4e-4f6a-8b9a-1b2c3d4e5f6a', 'e6a1b2c3-d4e5-f6a7-8899-0011bbccdeef');

INSERT INTO "CollectorVerificationInfos" ("UserId", "DocumentBackUrl", "DocumentFrontUrl", "ReviewedAt", "ReviewerId",
                                          "ReviewerNotes", "Status", "SubmittedAt")
VALUES ('b2c3d4e5-f6a1-8899-0011-bbccddeeff00', 'https://example.com/images/anh_ba_cccd_sau.png',
        'https://example.com/images/anh_ba_cccd_truoc.png', NULL, NULL, NULL, 'PendingReview',
        TIMESTAMPTZ '2025-10-10T10:00:00Z');
INSERT INTO "CollectorVerificationInfos" ("UserId", "DocumentBackUrl", "DocumentFrontUrl", "ReviewedAt", "ReviewerId",
                                          "ReviewerNotes", "Status", "SubmittedAt")
VALUES ('e6a1b2c3-d4e5-f6a7-8899-0011bbccdeef', NULL, 'https://example.com/images/vua_abc_gpkd.png',
        TIMESTAMPTZ '2025-10-10T10:00:00Z', 'a1b2c3d4-e5f6-7788-9900-aabbccddeeff', 'Vựa uy tín, đã xác nhận.',
        'Approved', TIMESTAMPTZ '2025-10-09T10:00:00Z');

INSERT INTO "Notifications" ("NotificationId", "Content", "CreatedAt", "EntityId", "EntityType", "RecipientId")
VALUES ('12121212-0000-0000-0000-000000000001',
        'Vựa Ve Chai ABC đã gửi đề nghị thu gom cho bài đăng ''Dọn nhà bếp...''', TIMESTAMPTZ '2025-10-09T10:00:00Z',
        '30000000-0000-0000-0000-000000000001', 'Offer', 'c3d4e5f6-a1b2-9900-1122-ccddeeff0011');

INSERT INTO "PaymentTransactions" ("PaymentId", "Amount", "CreatedAt", "PackageId", "PaymentGateway", "Status",
                                   "TransactionCode", "UserId")
VALUES ('77777777-0000-0000-0000-000000000001', 99000.0, TIMESTAMPTZ '2025-10-10T10:00:00Z',
        'f0000002-0000-0000-0000-000000000002', 'VNPay', 1, 'VNP123456', 'e6a1b2c3-d4e5-f6a7-8899-0011bbccdeef');

INSERT INTO "PointHistories" ("PointHistoryId", "CreatedAt", "PointChange", "Reason", "UserId")
VALUES ('33333333-0000-0000-0000-000000000001', TIMESTAMPTZ '2025-10-10T12:00:00Z', -100, 'Submitted Complaint',
        'c3d4e5f6-a1b2-9900-1122-ccddeeff0011');
INSERT INTO "PointHistories" ("PointHistoryId", "CreatedAt", "PointChange", "Reason", "UserId")
VALUES ('55555555-0000-0000-0000-000000000001', TIMESTAMPTZ '2025-10-10T10:00:00Z', 50,
        'Completed Transaction #40000000', 'c3d4e5f6-a1b2-9900-1122-ccddeeff0011');
INSERT INTO "PointHistories" ("PointHistoryId", "CreatedAt", "PointChange", "Reason", "UserId")
VALUES ('55555555-0000-0000-0000-000000000002', TIMESTAMPTZ '2025-10-10T10:00:00Z', 50,
        'Completed Transaction #40000000', 'e6a1b2c3-d4e5-f6a7-8899-0011bbccdeef');
INSERT INTO "PointHistories" ("PointHistoryId", "CreatedAt", "PointChange", "Reason", "UserId")
VALUES ('99999999-0000-0000-0000-000000000001', TIMESTAMPTZ '2025-10-10T11:00:00Z', -100,
        'Redeemed ''Khung viền Avatar''', 'c3d4e5f6-a1b2-9900-1122-ccddeeff0011');

INSERT INTO "Profiles" ("ProfileId", "Address", "AvatarUrl", "DateOfBirth", "Gender", "Location", "PointBalance",
                        "RankId", "UserId")
VALUES ('22222222-0000-0000-0000-000000000001', '123 Admin St, District 1, HCMC', NULL, NULL, NULL, NULL, 200, 1,
        'a1b2c3d4-e5f6-7788-9900-aabbccddeeff');
INSERT INTO "Profiles" ("ProfileId", "Address", "AvatarUrl", "DateOfBirth", "Gender", "Location", "PointBalance",
                        "RankId", "UserId")
VALUES ('22222222-0000-0000-0000-000000000002', '456 Collector Rd, Binh Thanh, HCMC', NULL, NULL, 'Male', NULL, 200, 1,
        'b2c3d4e5-f6a1-8899-0011-bbccddeeff00');
INSERT INTO "Profiles" ("ProfileId", "Address", "AvatarUrl", "DateOfBirth", "Gender", "Location", "PointBalance",
                        "RankId", "UserId")
VALUES ('22222222-0000-0000-0000-000000000003', '789 Household Ave, District 3, HCMC', NULL, NULL, 'Female', NULL, 200,
        1, 'c3d4e5f6-a1b2-9900-1122-ccddeeff0011');
INSERT INTO "Profiles" ("ProfileId", "Address", "AvatarUrl", "DateOfBirth", "Gender", "Location", "PointBalance",
                        "RankId", "UserId")
VALUES ('22222222-0000-0000-0000-000000000004', '100 Vua Ve Chai St, District 10, HCMC', NULL, NULL, NULL, NULL, 6000,
        2, 'e6a1b2c3-d4e5-f6a7-8899-0011bbccdeef');

INSERT INTO "ReferencePrices" ("ReferencePriceId", "LastUpdated", "PricePerKg", "ScrapCategoryId", "UpdatedByAdminId")
VALUES ('11111111-0000-0000-0000-000000000001', TIMESTAMPTZ '2025-10-10T10:00:00Z', 3000.0, 3,
        'a1b2c3d4-e5f6-7788-9900-aabbccddeeff');
INSERT INTO "ReferencePrices" ("ReferencePriceId", "LastUpdated", "PricePerKg", "ScrapCategoryId", "UpdatedByAdminId")
VALUES ('11111111-0000-0000-0000-000000000002', TIMESTAMPTZ '2025-10-10T10:00:00Z', 25000.0, 4,
        'a1b2c3d4-e5f6-7788-9900-aabbccddeeff');

INSERT INTO "ScrapPosts" ("ScrapPostId", "Address", "AvailableTimeRange", "CreatedAt", "Description", "HouseholdId",
                          "Location", "MustTakeAll", "Status", "Title", "UpdatedAt")
VALUES ('20000000-0000-0000-0000-000000000001', '789 Household Ave, District 3, HCMC', 'Chiều nay (14h-16h)',
        TIMESTAMPTZ '2025-10-09T10:00:00Z', 'Khoảng 1 bao lớn, đã gom sạch sẽ.', 'c3d4e5f6-a1b2-9900-1122-ccddeeff0011',
        NULL, FALSE, 3, 'Dọn nhà bếp, có chai nhựa và lon', NULL);
INSERT INTO "ScrapPosts" ("ScrapPostId", "Address", "AvailableTimeRange", "CreatedAt", "Description", "HouseholdId",
                          "Location", "MustTakeAll", "Status", "Title", "UpdatedAt")
VALUES ('20000000-0000-0000-0000-000000000003', '456 Collector Rd, Binh Thanh, HCMC', NULL,
        TIMESTAMPTZ '2025-10-10T10:00:00Z', NULL, 'c3d4e5f6-a1b2-9900-1122-ccddeeff0011', NULL, FALSE, 3,
        'Đồ điện tử cũ', NULL);

INSERT INTO "UserPackages" ("UserPackageId", "ActivationDate", "ExpirationDate", "PackageId", "RemainingConnections",
                            "UserId")
VALUES ('66666666-0000-0000-0000-000000000001', TIMESTAMPTZ '2025-10-10T10:00:00Z', NULL,
        'f0000001-0000-0000-0000-000000000001', 5, 'b2c3d4e5-f6a1-8899-0011-bbccddeeff00');
INSERT INTO "UserPackages" ("UserPackageId", "ActivationDate", "ExpirationDate", "PackageId", "RemainingConnections",
                            "UserId")
VALUES ('66666666-0000-0000-0000-000000000002', TIMESTAMPTZ '2025-10-10T10:00:00Z', TIMESTAMPTZ '2025-11-09T10:00:00Z',
        'f0000002-0000-0000-0000-000000000002', NULL, 'e6a1b2c3-d4e5-f6a7-8899-0011bbccdeef');

INSERT INTO "UserRewardRedemptions" ("RedemptionDate", "RewardItemId", "UserId")
VALUES (TIMESTAMPTZ '2025-10-10T11:00:00Z', 1, 'c3d4e5f6-a1b2-9900-1122-ccddeeff0011');

INSERT INTO "CollectionOffers" ("CollectionOfferId", "CreatedAt", "ScrapCollectorId", "ScrapPostId", "Status")
VALUES ('30000000-0000-0000-0000-000000000001', TIMESTAMPTZ '2025-10-09T10:00:00Z',
        'e6a1b2c3-d4e5-f6a7-8899-0011bbccdeef', '20000000-0000-0000-0000-000000000001', 1);
INSERT INTO "CollectionOffers" ("CollectionOfferId", "CreatedAt", "ScrapCollectorId", "ScrapPostId", "Status")
VALUES ('30000000-0000-0000-0000-000000000002', TIMESTAMPTZ '2025-10-10T10:00:00Z',
        'e6a1b2c3-d4e5-f6a7-8899-0011bbccdeef', '20000000-0000-0000-0000-000000000003', 1);

INSERT INTO "ScrapPostDetails" ("ScrapCategoryId", "ScrapPostId", "AmountDescription", "ImageUrl", "Status")
VALUES (3, '20000000-0000-0000-0000-000000000001', 'Khoảng 1 bao lớn', NULL, 'Collected');
INSERT INTO "ScrapPostDetails" ("ScrapCategoryId", "ScrapPostId", "AmountDescription", "ImageUrl", "Status")
VALUES (4, '20000000-0000-0000-0000-000000000001', 'Khoảng 50 lon', NULL, 'Collected');
INSERT INTO "ScrapPostDetails" ("ScrapCategoryId", "ScrapPostId", "AmountDescription", "ImageUrl", "Status")
VALUES (6, '20000000-0000-0000-0000-000000000003', '1 cái TV hỏng', NULL, 'Collected');

INSERT INTO "OfferDetail" ("OfferDetailId", "CollectionOfferId", "PricePerUnit", "ScrapCategoryId", "Unit")
VALUES ('11111111-0000-0000-0000-000000000001', '30000000-0000-0000-0000-000000000002', 50000.0, 6, 'cái');
INSERT INTO "OfferDetail" ("OfferDetailId", "CollectionOfferId", "PricePerUnit", "ScrapCategoryId", "Unit")
VALUES ('33333333-0000-0000-0000-000000000001', '30000000-0000-0000-0000-000000000001', 3000.0, 3, 'kg');
INSERT INTO "OfferDetail" ("OfferDetailId", "CollectionOfferId", "PricePerUnit", "ScrapCategoryId", "Unit")
VALUES ('33333333-0000-0000-0000-000000000002', '30000000-0000-0000-0000-000000000001', 25000.0, 4, 'kg');

INSERT INTO "ScheduleProposals" ("ScheduleProposalId", "CollectionOfferId", "CreatedAt", "ProposedTime", "ProposerId",
                                 "ResponseMessage", "Status")
VALUES ('13131313-0000-0000-0000-000000000001', '30000000-0000-0000-0000-000000000001',
        TIMESTAMPTZ '2025-10-09T10:00:00Z', TIMESTAMPTZ '2025-10-10T14:00:00Z', 'e6a1b2c3-d4e5-f6a7-8899-0011bbccdeef',
        NULL, 'Accepted');

INSERT INTO "Transactions" ("TransactionId", "CheckInLocation", "CheckInTime", "CreatedAt", "HouseholdId", "OfferId",
                            "ScheduledTime", "ScrapCollectorId", "Status", "UpdatedAt")
VALUES ('40000000-0000-0000-0000-000000000001', NULL, TIMESTAMPTZ '2025-10-10T14:00:00Z',
        TIMESTAMPTZ '2025-10-10T10:00:00Z', 'c3d4e5f6-a1b2-9900-1122-ccddeeff0011',
        '30000000-0000-0000-0000-000000000001', TIMESTAMPTZ '2025-10-10T14:00:00Z',
        'e6a1b2c3-d4e5-f6a7-8899-0011bbccdeef', 'Completed', NULL);
INSERT INTO "Transactions" ("TransactionId", "CheckInLocation", "CheckInTime", "CreatedAt", "HouseholdId", "OfferId",
                            "ScheduledTime", "ScrapCollectorId", "Status", "UpdatedAt")
VALUES ('40000000-0000-0000-0000-000000000002', NULL, NULL, TIMESTAMPTZ '2025-10-10T10:00:00Z',
        'c3d4e5f6-a1b2-9900-1122-ccddeeff0011', '30000000-0000-0000-0000-000000000002', NULL,
        'e6a1b2c3-d4e5-f6a7-8899-0011bbccdeef', 'Completed', NULL);

INSERT INTO "ChatRooms" ("ChatRoomId", "CreatedAt", "TransactionId")
VALUES ('50000000-0000-0000-0000-000000000001', TIMESTAMPTZ '2025-10-10T10:00:00Z',
        '40000000-0000-0000-0000-000000000001');

INSERT INTO "Complaints" ("ComplaintId", "AccusedId", "ComplainantId", "CreatedAt", "EvidenceUrl", "Reason", "Status",
                          "TransactionId")
VALUES ('22222222-0000-0000-0000-000000000001', 'e6a1b2c3-d4e5-f6a7-8899-0011bbccdeef',
        'c3d4e5f6-a1b2-9900-1122-ccddeeff0011', TIMESTAMPTZ '2025-10-10T12:00:00Z', NULL,
        'Vựa tới nơi trả giá ép giá, không đúng thỏa thuận!', 'Submitted', '40000000-0000-0000-0000-000000000002');

INSERT INTO "Feedbacks" ("FeedbackId", "Comment", "CreatedAt", "Rate", "RevieweeId", "ReviewerId", "TransactionId")
VALUES ('44444444-0000-0000-0000-000000000001', 'Vựa thu gom nhanh, cân đo chính xác!',
        TIMESTAMPTZ '2025-10-10T10:00:00Z', 5, 'e6a1b2c3-d4e5-f6a7-8899-0011bbccdeef',
        'c3d4e5f6-a1b2-9900-1122-ccddeeff0011', '40000000-0000-0000-0000-000000000001');

INSERT INTO "TransactionDetails" ("ScrapCategoryId", "TransactionId", "FinalPrice", "PricePerUnit", "Quantity", "Unit")
VALUES (3, '40000000-0000-0000-0000-000000000001', 15000.0, 3000.0, 5, 'kg');
INSERT INTO "TransactionDetails" ("ScrapCategoryId", "TransactionId", "FinalPrice", "PricePerUnit", "Quantity", "Unit")
VALUES (4, '40000000-0000-0000-0000-000000000001', 35000.0, 25000.0, 1.4, 'kg');
INSERT INTO "TransactionDetails" ("ScrapCategoryId", "TransactionId", "FinalPrice", "PricePerUnit", "Quantity", "Unit")
VALUES (6, '40000000-0000-0000-0000-000000000002', 50000.0, 50000.0, 1, 'cái');

INSERT INTO "ChatParticipants" ("ChatRoomId", "UserId")
VALUES ('50000000-0000-0000-0000-000000000001', 'c3d4e5f6-a1b2-9900-1122-ccddeeff0011');
INSERT INTO "ChatParticipants" ("ChatRoomId", "UserId")
VALUES ('50000000-0000-0000-0000-000000000001', 'e6a1b2c3-d4e5-f6a7-8899-0011bbccdeef');

INSERT INTO "Messages" ("MessageId", "ChatRoomId", "Content", "IsRead", "SenderId", "Timestamp")
VALUES ('88888888-0000-0000-0000-000000000001', '50000000-0000-0000-0000-000000000001',
        'Chào chị, em là bên Vựa ABC, em qua thu gom theo lịch hẹn nhé.', FALSE, 'e6a1b2c3-d4e5-f6a7-8899-0011bbccdeef',
        TIMESTAMPTZ '2025-10-10T13:00:00Z');
INSERT INTO "Messages" ("MessageId", "ChatRoomId", "Content", "IsRead", "SenderId", "Timestamp")
VALUES ('88888888-0000-0000-0000-000000000002', '50000000-0000-0000-0000-000000000001', 'OK bạn, mình ở nhà.', FALSE,
        'c3d4e5f6-a1b2-9900-1122-ccddeeff0011', TIMESTAMPTZ '2025-10-10T13:01:00Z');

SELECT setval(
               pg_get_serial_sequence('"Ranks"', 'RankId'),
               GREATEST(
                       (SELECT MAX("RankId") FROM "Ranks") + 1,
                       nextval(pg_get_serial_sequence('"Ranks"', 'RankId'))),
               false);
SELECT setval(
               pg_get_serial_sequence('"RewardItems"', 'RewardItemId'),
               GREATEST(
                       (SELECT MAX("RewardItemId") FROM "RewardItems") + 1,
                       nextval(pg_get_serial_sequence('"RewardItems"', 'RewardItemId'))),
               false);
SELECT setval(
               pg_get_serial_sequence('"ScrapCategories"', 'ScrapCategoryId'),
               GREATEST(
                       (SELECT MAX("ScrapCategoryId") FROM "ScrapCategories") + 1,
                       nextval(pg_get_serial_sequence('"ScrapCategories"', 'ScrapCategoryId'))),
               false);

INSERT INTO "__EFMigrationsHistory" ("MigrationId", "ProductVersion")
VALUES ('20251121195928_Seeding_Database', '9.0.9');

COMMIT;

