CREATE TABLE IF NOT EXISTS "__EFMigrationsHistory" (
    "MigrationId" character varying(150) NOT NULL,
    "ProductVersion" character varying(32) NOT NULL,
    CONSTRAINT "PK___EFMigrationsHistory" PRIMARY KEY ("MigrationId")
);

START TRANSACTION;
CREATE TYPE complaint_status AS ENUM ('submitted', 'in_review', 'resolved', 'dismissed');
CREATE TYPE item_status AS ENUM ('available', 'booked', 'collected');
CREATE TYPE offer_status AS ENUM ('pending', 'accepted', 'rejected', 'canceled');
CREATE TYPE post_status AS ENUM ('open', 'partially_booked', 'fully_booked', 'completed', 'canceled');
CREATE TYPE transaction_status AS ENUM ('scheduled', 'in_progress', 'completed', 'canceled_by_system', 'canceled_by_user');
CREATE TYPE user_status AS ENUM ('pending_verification', 'active', 'inactive', 'blocked');

CREATE TABLE "RewardItems" (
    "RewardItemId" integer GENERATED BY DEFAULT AS IDENTITY,
    "ItemName" character varying(150) NOT NULL,
    "Description" text,
    "PointsCost" integer NOT NULL,
    CONSTRAINT "PK_RewardItems" PRIMARY KEY ("RewardItemId")
);

CREATE TABLE "Roles" (
    "Id" uuid NOT NULL,
    "Name" character varying(256),
    "NormalizedName" character varying(256),
    "ConcurrencyStamp" text,
    CONSTRAINT "PK_Roles" PRIMARY KEY ("Id")
);

CREATE TABLE "ScrapCategories" (
    "ScrapCategoryId" integer GENERATED BY DEFAULT AS IDENTITY,
    "CategoryName" character varying(100) NOT NULL,
    "Description" text,
    CONSTRAINT "PK_ScrapCategories" PRIMARY KEY ("ScrapCategoryId")
);

CREATE TABLE "Users" (
    "Id" uuid NOT NULL,
    "FullName" character varying(100),
    "Status" integer NOT NULL,
    "CreatedAt" timestamp with time zone NOT NULL,
    "UserName" character varying(256),
    "NormalizedUserName" character varying(256),
    "Email" character varying(256),
    "NormalizedEmail" character varying(256),
    "EmailConfirmed" boolean NOT NULL,
    "PasswordHash" text,
    "SecurityStamp" text,
    "ConcurrencyStamp" text,
    "PhoneNumber" text,
    "PhoneNumberConfirmed" boolean NOT NULL,
    "TwoFactorEnabled" boolean NOT NULL,
    "LockoutEnd" timestamp with time zone,
    "LockoutEnabled" boolean NOT NULL,
    "AccessFailedCount" integer NOT NULL,
    CONSTRAINT "PK_Users" PRIMARY KEY ("Id")
);

CREATE TABLE "RoleClaims" (
    "Id" integer GENERATED BY DEFAULT AS IDENTITY,
    "RoleId" uuid NOT NULL,
    "ClaimType" text,
    "ClaimValue" text,
    CONSTRAINT "PK_RoleClaims" PRIMARY KEY ("Id"),
    CONSTRAINT "FK_RoleClaims_Roles_RoleId" FOREIGN KEY ("RoleId") REFERENCES "Roles" ("Id") ON DELETE CASCADE
);

CREATE TABLE "Profiles" (
    "ProfileId" uuid NOT NULL,
    "DateOfBirth" timestamp with time zone,
    "Address" character varying(255),
    "Gender" character varying(10),
    "AvatarUrl" text,
    "RewardPoint" integer NOT NULL,
    "UserId" uuid NOT NULL,
    CONSTRAINT "PK_Profiles" PRIMARY KEY ("ProfileId"),
    CONSTRAINT "FK_Profiles_Users_UserId" FOREIGN KEY ("UserId") REFERENCES "Users" ("Id") ON DELETE CASCADE
);

CREATE TABLE "ScrapPosts" (
    "ScrapPostId" uuid NOT NULL,
    "Title" character varying(200) NOT NULL,
    "Description" text,
    "Address" character varying(255) NOT NULL,
    "AvailableTimeRange" character varying(100),
    "Status" integer NOT NULL,
    "CreatedAt" timestamp with time zone NOT NULL,
    "HouseholdId" uuid NOT NULL,
    CONSTRAINT "PK_ScrapPosts" PRIMARY KEY ("ScrapPostId"),
    CONSTRAINT "FK_ScrapPosts_Users_HouseholdId" FOREIGN KEY ("HouseholdId") REFERENCES "Users" ("Id") ON DELETE CASCADE
);

CREATE TABLE "UserClaims" (
    "Id" integer GENERATED BY DEFAULT AS IDENTITY,
    "UserId" uuid NOT NULL,
    "ClaimType" text,
    "ClaimValue" text,
    CONSTRAINT "PK_UserClaims" PRIMARY KEY ("Id"),
    CONSTRAINT "FK_UserClaims_Users_UserId" FOREIGN KEY ("UserId") REFERENCES "Users" ("Id") ON DELETE CASCADE
);

CREATE TABLE "UserLogins" (
    "LoginProvider" text NOT NULL,
    "ProviderKey" text NOT NULL,
    "ProviderDisplayName" text,
    "UserId" uuid NOT NULL,
    CONSTRAINT "PK_UserLogins" PRIMARY KEY ("LoginProvider", "ProviderKey"),
    CONSTRAINT "FK_UserLogins_Users_UserId" FOREIGN KEY ("UserId") REFERENCES "Users" ("Id") ON DELETE CASCADE
);

CREATE TABLE "UserRewardRedemptions" (
    "RedemptionId" uuid NOT NULL,
    "RedemptionDate" timestamp with time zone NOT NULL,
    "UserId" uuid NOT NULL,
    "RewardItemId" integer NOT NULL,
    CONSTRAINT "PK_UserRewardRedemptions" PRIMARY KEY ("RedemptionId"),
    CONSTRAINT "FK_UserRewardRedemptions_RewardItems_RewardItemId" FOREIGN KEY ("RewardItemId") REFERENCES "RewardItems" ("RewardItemId") ON DELETE CASCADE,
    CONSTRAINT "FK_UserRewardRedemptions_Users_UserId" FOREIGN KEY ("UserId") REFERENCES "Users" ("Id") ON DELETE CASCADE
);

CREATE TABLE "UserRoles" (
    "UserId" uuid NOT NULL,
    "RoleId" uuid NOT NULL,
    CONSTRAINT "PK_UserRoles" PRIMARY KEY ("UserId", "RoleId"),
    CONSTRAINT "FK_UserRoles_Roles_RoleId" FOREIGN KEY ("RoleId") REFERENCES "Roles" ("Id") ON DELETE CASCADE,
    CONSTRAINT "FK_UserRoles_Users_UserId" FOREIGN KEY ("UserId") REFERENCES "Users" ("Id") ON DELETE CASCADE
);

CREATE TABLE "UserTokens" (
    "UserId" uuid NOT NULL,
    "LoginProvider" text NOT NULL,
    "Name" text NOT NULL,
    "Value" text,
    CONSTRAINT "PK_UserTokens" PRIMARY KEY ("UserId", "LoginProvider", "Name"),
    CONSTRAINT "FK_UserTokens_Users_UserId" FOREIGN KEY ("UserId") REFERENCES "Users" ("Id") ON DELETE CASCADE
);

CREATE TABLE "CollectionOffers" (
    "OfferId" uuid NOT NULL,
    "ProposedPrice" numeric(18,2) NOT NULL,
    "Status" integer NOT NULL,
    "CreatedAt" timestamp with time zone NOT NULL,
    "ScrapPostId" uuid NOT NULL,
    "ScrapCollectorId" uuid NOT NULL,
    CONSTRAINT "PK_CollectionOffers" PRIMARY KEY ("OfferId"),
    CONSTRAINT "FK_CollectionOffers_ScrapPosts_ScrapPostId" FOREIGN KEY ("ScrapPostId") REFERENCES "ScrapPosts" ("ScrapPostId") ON DELETE CASCADE,
    CONSTRAINT "FK_CollectionOffers_Users_ScrapCollectorId" FOREIGN KEY ("ScrapCollectorId") REFERENCES "Users" ("Id") ON DELETE CASCADE
);

CREATE TABLE "ScrapPostDetails" (
    "ScrapPostId" uuid NOT NULL,
    "ScrapCategoryId" integer NOT NULL,
    "AmountDescription" character varying(100),
    "ImageUrl" text,
    "Status" integer NOT NULL,
    CONSTRAINT "PK_ScrapPostDetails" PRIMARY KEY ("ScrapPostId", "ScrapCategoryId"),
    CONSTRAINT "FK_ScrapPostDetails_ScrapCategories_ScrapCategoryId" FOREIGN KEY ("ScrapCategoryId") REFERENCES "ScrapCategories" ("ScrapCategoryId") ON DELETE CASCADE,
    CONSTRAINT "FK_ScrapPostDetails_ScrapPosts_ScrapPostId" FOREIGN KEY ("ScrapPostId") REFERENCES "ScrapPosts" ("ScrapPostId") ON DELETE CASCADE
);

CREATE TABLE "Transactions" (
    "TransactionId" uuid NOT NULL,
    "Status" integer NOT NULL,
    "ScheduledTime" timestamp with time zone,
    "CheckInTime" timestamp with time zone,
    "CheckInSelfieUrl" text,
    "FinalWeight" real,
    "FinalPrice" numeric(18,2),
    "CreatedAt" timestamp with time zone NOT NULL,
    "HouseholdId" uuid NOT NULL,
    "ScrapCollectorId" uuid NOT NULL,
    "OfferId" uuid NOT NULL,
    CONSTRAINT "PK_Transactions" PRIMARY KEY ("TransactionId"),
    CONSTRAINT "FK_Transactions_CollectionOffers_OfferId" FOREIGN KEY ("OfferId") REFERENCES "CollectionOffers" ("OfferId") ON DELETE RESTRICT,
    CONSTRAINT "FK_Transactions_Users_HouseholdId" FOREIGN KEY ("HouseholdId") REFERENCES "Users" ("Id") ON DELETE RESTRICT,
    CONSTRAINT "FK_Transactions_Users_ScrapCollectorId" FOREIGN KEY ("ScrapCollectorId") REFERENCES "Users" ("Id") ON DELETE RESTRICT
);

CREATE TABLE "CollectionOfferDetails" (
    "OfferId" uuid NOT NULL,
    "ScrapPostId" uuid NOT NULL,
    "ScrapCategoryId" integer NOT NULL,
    CONSTRAINT "PK_CollectionOfferDetails" PRIMARY KEY ("OfferId", "ScrapPostId", "ScrapCategoryId"),
    CONSTRAINT "FK_CollectionOfferDetails_CollectionOffers_OfferId" FOREIGN KEY ("OfferId") REFERENCES "CollectionOffers" ("OfferId") ON DELETE CASCADE,
    CONSTRAINT "FK_CollectionOfferDetails_ScrapPostDetails_ScrapPostId_ScrapCa~" FOREIGN KEY ("ScrapPostId", "ScrapCategoryId") REFERENCES "ScrapPostDetails" ("ScrapPostId", "ScrapCategoryId") ON DELETE CASCADE
);

CREATE TABLE "ChatRooms" (
    "ChatRoomId" uuid NOT NULL,
    "CreatedAt" timestamp with time zone NOT NULL,
    "TransactionId" uuid NOT NULL,
    CONSTRAINT "PK_ChatRooms" PRIMARY KEY ("ChatRoomId"),
    CONSTRAINT "FK_ChatRooms_Transactions_TransactionId" FOREIGN KEY ("TransactionId") REFERENCES "Transactions" ("TransactionId") ON DELETE CASCADE
);

CREATE TABLE "Complaints" (
    "ComplaintId" uuid NOT NULL,
    "Reason" text NOT NULL,
    "EvidenceUrl" text,
    "Status" integer NOT NULL,
    "CreatedAt" timestamp with time zone NOT NULL,
    "TransactionId" uuid NOT NULL,
    "ComplainantId" uuid NOT NULL,
    "AccusedId" uuid NOT NULL,
    CONSTRAINT "PK_Complaints" PRIMARY KEY ("ComplaintId"),
    CONSTRAINT "FK_Complaints_Transactions_TransactionId" FOREIGN KEY ("TransactionId") REFERENCES "Transactions" ("TransactionId") ON DELETE CASCADE,
    CONSTRAINT "FK_Complaints_Users_AccusedId" FOREIGN KEY ("AccusedId") REFERENCES "Users" ("Id") ON DELETE RESTRICT,
    CONSTRAINT "FK_Complaints_Users_ComplainantId" FOREIGN KEY ("ComplainantId") REFERENCES "Users" ("Id") ON DELETE RESTRICT
);

CREATE TABLE "Feedbacks" (
    "FeedbackId" uuid NOT NULL,
    "Rate" integer NOT NULL,
    "Comment" text,
    "CreatedAt" timestamp with time zone NOT NULL,
    "TransactionId" uuid NOT NULL,
    "ReviewerId" uuid NOT NULL,
    "RevieweeId" uuid NOT NULL,
    CONSTRAINT "PK_Feedbacks" PRIMARY KEY ("FeedbackId"),
    CONSTRAINT "FK_Feedbacks_Transactions_TransactionId" FOREIGN KEY ("TransactionId") REFERENCES "Transactions" ("TransactionId") ON DELETE CASCADE,
    CONSTRAINT "FK_Feedbacks_Users_RevieweeId" FOREIGN KEY ("RevieweeId") REFERENCES "Users" ("Id") ON DELETE RESTRICT,
    CONSTRAINT "FK_Feedbacks_Users_ReviewerId" FOREIGN KEY ("ReviewerId") REFERENCES "Users" ("Id") ON DELETE RESTRICT
);

CREATE TABLE "ChatParticipants" (
    "UserId" uuid NOT NULL,
    "ChatRoomId" uuid NOT NULL,
    "JoinedAt" timestamp with time zone NOT NULL,
    CONSTRAINT "PK_ChatParticipants" PRIMARY KEY ("UserId", "ChatRoomId"),
    CONSTRAINT "FK_ChatParticipants_ChatRooms_ChatRoomId" FOREIGN KEY ("ChatRoomId") REFERENCES "ChatRooms" ("ChatRoomId") ON DELETE CASCADE,
    CONSTRAINT "FK_ChatParticipants_Users_UserId" FOREIGN KEY ("UserId") REFERENCES "Users" ("Id") ON DELETE CASCADE
);

CREATE TABLE "Messages" (
    "MessageId" uuid NOT NULL,
    "Content" text NOT NULL,
    "Timestamp" timestamp with time zone NOT NULL,
    "ChatRoomId" uuid NOT NULL,
    "SenderId" uuid NOT NULL,
    CONSTRAINT "PK_Messages" PRIMARY KEY ("MessageId"),
    CONSTRAINT "FK_Messages_ChatRooms_ChatRoomId" FOREIGN KEY ("ChatRoomId") REFERENCES "ChatRooms" ("ChatRoomId") ON DELETE CASCADE,
    CONSTRAINT "FK_Messages_Users_SenderId" FOREIGN KEY ("SenderId") REFERENCES "Users" ("Id") ON DELETE CASCADE
);

INSERT INTO "RewardItems" ("RewardItemId", "Description", "ItemName", "PointsCost")
VALUES (1, NULL, 'Khung viền Avatar ''Chiến binh Tái chế''', 100);
INSERT INTO "RewardItems" ("RewardItemId", "Description", "ItemName", "PointsCost")
VALUES (2, NULL, 'Voucher Giảm giá 10%', 500);

INSERT INTO "Roles" ("Id", "ConcurrencyStamp", "Name", "NormalizedName")
VALUES ('8dd3637c-72a3-4a25-99d2-a7d1bce85542', NULL, 'Admin', 'ADMIN');
INSERT INTO "Roles" ("Id", "ConcurrencyStamp", "Name", "NormalizedName")
VALUES ('d7d0c75c-9c3f-4e6b-9b7a-8f8d9a6c9e84', NULL, 'ScrapCollector', 'SCRAPCOLLECTOR');
INSERT INTO "Roles" ("Id", "ConcurrencyStamp", "Name", "NormalizedName")
VALUES ('f9e7c1b5-9c8f-4b1a-8c7d-6e5f4a3b2a1c', NULL, 'Household', 'HOUSEHOLD');

INSERT INTO "ScrapCategories" ("ScrapCategoryId", "CategoryName", "Description")
VALUES (1, 'Giấy vụn', NULL);
INSERT INTO "ScrapCategories" ("ScrapCategoryId", "CategoryName", "Description")
VALUES (2, 'Thùng carton', NULL);
INSERT INTO "ScrapCategories" ("ScrapCategoryId", "CategoryName", "Description")
VALUES (3, 'Chai nhựa (PET)', NULL);
INSERT INTO "ScrapCategories" ("ScrapCategoryId", "CategoryName", "Description")
VALUES (4, 'Lon nhôm', NULL);
INSERT INTO "ScrapCategories" ("ScrapCategoryId", "CategoryName", "Description")
VALUES (5, 'Sắt vụn', NULL);
INSERT INTO "ScrapCategories" ("ScrapCategoryId", "CategoryName", "Description")
VALUES (6, 'Đồ điện tử cũ', NULL);

INSERT INTO "Users" ("Id", "AccessFailedCount", "ConcurrencyStamp", "CreatedAt", "Email", "EmailConfirmed", "FullName", "LockoutEnabled", "LockoutEnd", "NormalizedEmail", "NormalizedUserName", "PasswordHash", "PhoneNumber", "PhoneNumberConfirmed", "SecurityStamp", "Status", "TwoFactorEnabled", "UserName")
VALUES ('a1b2c3d4-e5f6-7788-9900-aabbccddeeff', 0, '8a780245-f0c6-4c0f-a99c-a3034f02d437', TIMESTAMPTZ '2025-10-10T10:00:00Z', NULL, FALSE, 'Admin GreenConnect', FALSE, NULL, NULL, '0900000000', NULL, '0900000000', TRUE, NULL, 1, FALSE, '0900000000');
INSERT INTO "Users" ("Id", "AccessFailedCount", "ConcurrencyStamp", "CreatedAt", "Email", "EmailConfirmed", "FullName", "LockoutEnabled", "LockoutEnd", "NormalizedEmail", "NormalizedUserName", "PasswordHash", "PhoneNumber", "PhoneNumberConfirmed", "SecurityStamp", "Status", "TwoFactorEnabled", "UserName")
VALUES ('b2c3d4e5-f6a1-8899-0011-bbccddeeff00', 0, 'df101f36-638a-4a05-8e9d-ca1fa7ea43d5', TIMESTAMPTZ '2025-10-10T10:00:00Z', NULL, FALSE, 'Anh Ba Ve Chai', FALSE, NULL, NULL, '0911111111', NULL, '0911111111', TRUE, NULL, 1, FALSE, '0911111111');
INSERT INTO "Users" ("Id", "AccessFailedCount", "ConcurrencyStamp", "CreatedAt", "Email", "EmailConfirmed", "FullName", "LockoutEnabled", "LockoutEnd", "NormalizedEmail", "NormalizedUserName", "PasswordHash", "PhoneNumber", "PhoneNumberConfirmed", "SecurityStamp", "Status", "TwoFactorEnabled", "UserName")
VALUES ('c3d4e5f6-a1b2-9900-1122-ccddeeff0011', 0, '1e46f029-b862-4c0b-b1d6-bb7a36b3384c', TIMESTAMPTZ '2025-10-10T10:00:00Z', NULL, FALSE, 'Chị Tư Bán Ve Chai', FALSE, NULL, NULL, '0922222222', NULL, '0922222222', TRUE, NULL, 1, FALSE, '0922222222');
INSERT INTO "Users" ("Id", "AccessFailedCount", "ConcurrencyStamp", "CreatedAt", "Email", "EmailConfirmed", "FullName", "LockoutEnabled", "LockoutEnd", "NormalizedEmail", "NormalizedUserName", "PasswordHash", "PhoneNumber", "PhoneNumberConfirmed", "SecurityStamp", "Status", "TwoFactorEnabled", "UserName")
VALUES ('d4e5f6a1-b2c3-0011-2233-ddeeff001122', 0, '00bc157a-9db5-487a-9bc6-835946d78475', TIMESTAMPTZ '2025-10-10T10:00:00Z', NULL, FALSE, 'Gia đình Bác Năm', FALSE, NULL, NULL, '0933333333', NULL, '0933333333', TRUE, NULL, 1, FALSE, '0933333333');

INSERT INTO "Profiles" ("ProfileId", "Address", "AvatarUrl", "DateOfBirth", "Gender", "RewardPoint", "UserId")
VALUES ('10000000-0000-0000-0000-000000000001', '123 Admin St, District 1, HCMC', NULL, NULL, NULL, 0, 'a1b2c3d4-e5f6-7788-9900-aabbccddeeff');
INSERT INTO "Profiles" ("ProfileId", "Address", "AvatarUrl", "DateOfBirth", "Gender", "RewardPoint", "UserId")
VALUES ('10000000-0000-0000-0000-000000000002', '456 Collector Rd, Binh Thanh, HCMC', NULL, NULL, 'Male', 0, 'b2c3d4e5-f6a1-8899-0011-bbccddeeff00');
INSERT INTO "Profiles" ("ProfileId", "Address", "AvatarUrl", "DateOfBirth", "Gender", "RewardPoint", "UserId")
VALUES ('10000000-0000-0000-0000-000000000003', '789 Household Ave, District 3, HCMC', NULL, NULL, 'Female', 0, 'c3d4e5f6-a1b2-9900-1122-ccddeeff0011');
INSERT INTO "Profiles" ("ProfileId", "Address", "AvatarUrl", "DateOfBirth", "Gender", "RewardPoint", "UserId")
VALUES ('10000000-0000-0000-0000-000000000004', '101 Household Way, Phu Nhuan, HCMC', NULL, NULL, NULL, 0, 'd4e5f6a1-b2c3-0011-2233-ddeeff001122');

INSERT INTO "ScrapPosts" ("ScrapPostId", "Address", "AvailableTimeRange", "CreatedAt", "Description", "HouseholdId", "Status", "Title")
VALUES ('20000000-0000-0000-0000-000000000001', '789 Household Ave, District 3, HCMC', 'Chiều nay (14h-16h)', TIMESTAMPTZ '2025-10-09T10:00:00Z', 'Khoảng 1 bao lớn, đã gom sạch sẽ.', 'c3d4e5f6-a1b2-9900-1122-ccddeeff0011', 2, 'Dọn nhà bếp, có chai nhựa và lon');
INSERT INTO "ScrapPosts" ("ScrapPostId", "Address", "AvailableTimeRange", "CreatedAt", "Description", "HouseholdId", "Status", "Title")
VALUES ('20000000-0000-0000-0000-000000000002', '101 Household Way, Phu Nhuan, HCMC', 'Mai sáng (9h-11h)', TIMESTAMPTZ '2025-10-11T10:00:00Z', 'Khoảng 3kg giấy A4 cũ, vài thùng carton.', 'd4e5f6a1-b2c3-0011-2233-ddeeff001122', 2, 'Giấy vụn và carton');

INSERT INTO "UserRoles" ("RoleId", "UserId")
VALUES ('8dd3637c-72a3-4a25-99d2-a7d1bce85542', 'a1b2c3d4-e5f6-7788-9900-aabbccddeeff');
INSERT INTO "UserRoles" ("RoleId", "UserId")
VALUES ('d7d0c75c-9c3f-4e6b-9b7a-8f8d9a6c9e84', 'b2c3d4e5-f6a1-8899-0011-bbccddeeff00');
INSERT INTO "UserRoles" ("RoleId", "UserId")
VALUES ('f9e7c1b5-9c8f-4b1a-8c7d-6e5f4a3b2a1c', 'c3d4e5f6-a1b2-9900-1122-ccddeeff0011');
INSERT INTO "UserRoles" ("RoleId", "UserId")
VALUES ('f9e7c1b5-9c8f-4b1a-8c7d-6e5f4a3b2a1c', 'd4e5f6a1-b2c3-0011-2233-ddeeff001122');

INSERT INTO "CollectionOffers" ("OfferId", "CreatedAt", "ProposedPrice", "ScrapCollectorId", "ScrapPostId", "Status")
VALUES ('30000000-0000-0000-0000-000000000001', TIMESTAMPTZ '2025-10-09T10:00:00Z', 50000.0, 'b2c3d4e5-f6a1-8899-0011-bbccddeeff00', '20000000-0000-0000-0000-000000000001', 1);

INSERT INTO "ScrapPostDetails" ("ScrapCategoryId", "ScrapPostId", "AmountDescription", "ImageUrl", "Status")
VALUES (3, '20000000-0000-0000-0000-000000000001', 'Khoảng 1 bao lớn', NULL, 0);
INSERT INTO "ScrapPostDetails" ("ScrapCategoryId", "ScrapPostId", "AmountDescription", "ImageUrl", "Status")
VALUES (4, '20000000-0000-0000-0000-000000000001', 'Khoảng 50 lon', NULL, 0);
INSERT INTO "ScrapPostDetails" ("ScrapCategoryId", "ScrapPostId", "AmountDescription", "ImageUrl", "Status")
VALUES (1, '20000000-0000-0000-0000-000000000002', '3kg giấy', NULL, 0);
INSERT INTO "ScrapPostDetails" ("ScrapCategoryId", "ScrapPostId", "AmountDescription", "ImageUrl", "Status")
VALUES (2, '20000000-0000-0000-0000-000000000002', '5 thùng', NULL, 0);

INSERT INTO "Transactions" ("TransactionId", "CheckInSelfieUrl", "CheckInTime", "CreatedAt", "FinalPrice", "FinalWeight", "HouseholdId", "OfferId", "ScheduledTime", "ScrapCollectorId", "Status")
VALUES ('40000000-0000-0000-0000-000000000001', NULL, NULL, TIMESTAMPTZ '2025-10-10T10:00:00Z', 50000.0, NULL, 'c3d4e5f6-a1b2-9900-1122-ccddeeff0011', '30000000-0000-0000-0000-000000000001', NULL, 'b2c3d4e5-f6a1-8899-0011-bbccddeeff00', 2);

INSERT INTO "Feedbacks" ("FeedbackId", "Comment", "CreatedAt", "Rate", "RevieweeId", "ReviewerId", "TransactionId")
VALUES ('50000000-0000-0000-0000-000000000001', 'Thu gom nhanh, thân thiện!', TIMESTAMPTZ '2025-10-10T10:00:00Z', 5, 'b2c3d4e5-f6a1-8899-0011-bbccddeeff00', 'c3d4e5f6-a1b2-9900-1122-ccddeeff0011', '40000000-0000-0000-0000-000000000001');

CREATE INDEX "IX_ChatParticipants_ChatRoomId" ON "ChatParticipants" ("ChatRoomId");

CREATE UNIQUE INDEX "IX_ChatRooms_TransactionId" ON "ChatRooms" ("TransactionId");

CREATE INDEX "IX_CollectionOfferDetails_ScrapPostId_ScrapCategoryId" ON "CollectionOfferDetails" ("ScrapPostId", "ScrapCategoryId");

CREATE INDEX "IX_CollectionOffers_ScrapCollectorId" ON "CollectionOffers" ("ScrapCollectorId");

CREATE INDEX "IX_CollectionOffers_ScrapPostId" ON "CollectionOffers" ("ScrapPostId");

CREATE INDEX "IX_Complaints_AccusedId" ON "Complaints" ("AccusedId");

CREATE INDEX "IX_Complaints_ComplainantId" ON "Complaints" ("ComplainantId");

CREATE INDEX "IX_Complaints_TransactionId" ON "Complaints" ("TransactionId");

CREATE INDEX "IX_Feedbacks_RevieweeId" ON "Feedbacks" ("RevieweeId");

CREATE INDEX "IX_Feedbacks_ReviewerId" ON "Feedbacks" ("ReviewerId");

CREATE UNIQUE INDEX "IX_Feedbacks_TransactionId" ON "Feedbacks" ("TransactionId");

CREATE INDEX idx_messages_chatroom ON "Messages" ("ChatRoomId");

CREATE INDEX "IX_Messages_ChatRoomId" ON "Messages" ("ChatRoomId");

CREATE INDEX "IX_Messages_SenderId" ON "Messages" ("SenderId");

CREATE UNIQUE INDEX "IX_Profiles_UserId" ON "Profiles" ("UserId");

CREATE INDEX "IX_RoleClaims_RoleId" ON "RoleClaims" ("RoleId");

CREATE UNIQUE INDEX "RoleNameIndex" ON "Roles" ("NormalizedName");

CREATE INDEX "IX_ScrapPostDetails_ScrapCategoryId" ON "ScrapPostDetails" ("ScrapCategoryId");

CREATE INDEX "IX_ScrapPosts_HouseholdId" ON "ScrapPosts" ("HouseholdId");

CREATE INDEX "IX_ScrapPosts_Status" ON "ScrapPosts" ("Status");

CREATE INDEX "IX_Transactions_HouseholdId" ON "Transactions" ("HouseholdId");

CREATE UNIQUE INDEX "IX_Transactions_OfferId" ON "Transactions" ("OfferId");

CREATE INDEX "IX_Transactions_ScrapCollectorId" ON "Transactions" ("ScrapCollectorId");

CREATE INDEX "IX_UserClaims_UserId" ON "UserClaims" ("UserId");

CREATE INDEX "IX_UserLogins_UserId" ON "UserLogins" ("UserId");

CREATE INDEX "IX_UserRewardRedemptions_RewardItemId" ON "UserRewardRedemptions" ("RewardItemId");

CREATE INDEX "IX_UserRewardRedemptions_UserId" ON "UserRewardRedemptions" ("UserId");

CREATE INDEX "IX_UserRoles_RoleId" ON "UserRoles" ("RoleId");

CREATE INDEX "EmailIndex" ON "Users" ("NormalizedEmail");

CREATE UNIQUE INDEX "IX_Users_PhoneNumber" ON "Users" ("PhoneNumber");

CREATE UNIQUE INDEX "UserNameIndex" ON "Users" ("NormalizedUserName");

SELECT setval(
    pg_get_serial_sequence('"RewardItems"', 'RewardItemId'),
    GREATEST(
        (SELECT MAX("RewardItemId") FROM "RewardItems") + 1,
        nextval(pg_get_serial_sequence('"RewardItems"', 'RewardItemId'))),
    false);
SELECT setval(
    pg_get_serial_sequence('"ScrapCategories"', 'ScrapCategoryId'),
    GREATEST(
        (SELECT MAX("ScrapCategoryId") FROM "ScrapCategories") + 1,
        nextval(pg_get_serial_sequence('"ScrapCategories"', 'ScrapCategoryId'))),
    false);

INSERT INTO "__EFMigrationsHistory" ("MigrationId", "ProductVersion")
VALUES ('20251012181719_InitialDatabase', '9.0.9');

COMMIT;

